INSTR_ID,SCT_ID
1,10310R
2,10320R
3,10338R
2,10345R
4,10353R
4,10360R
1,10363R
5,10381R
6,10390R
6,10408R
7,10420R
8,10346R
6,10424R
9,10426R
10,10433D
11,10442D
12,10450D
13,10462D
10,10464D
2,10479D
14,10489D
14,10491D
15,10600D
16,10702R
17,10601R
17,10602R
17,10603R
17,10604R
17,10605R
18,10610R
19,10615R
19,10616R
19,10617R
19,10718R
19,10719R
20,10902R
21,10618R
22,10769R
23,10660R
20,10665R
24,10777R
25,10715D
26,10680R
27,10681R
27,10682R
27,10683R
27,10684R
17,10624R
27,10628D
23,10687D
15,10744R
26,10632R
28,10833R
29,10634R
23,10635R
29,10640D
29,10641D
28,10901R
22,10672D
30,10645R
29,10651D
18,10903R
29,10750D
29,10700D
31,41504D
31,41506D
32,41514R
32,41520R
32,41536R
33,11800R
34,11805R
35,11868R
35,11923R
34,11938R
36,11958R
37,11967R
33,11972R
38,11991D
39,12035D
34,12045D
40,12055D
41,12057D
42,50800R
43,50810R
43,50830R
44,50849R
45,13102R
46,13000R
47,13001R
48,13002D
48,13027D
48,13003R
49,13004R
50,13005R
48,13006R
51,13012D
45,13191R
52,13194R
53,13195R
53,13007R
54,13008R
54,13022R
47,13250R
48,13015D
48,13016D
53,13414R
48,13299R
55,13019R
55,13020R
49,13340R
56,13330R
52,13351R
49,13365R
57,13372R
58,13028D
59,13029D
60,13033R
56,13438R
61,13443R
61,13444R
45,13450R
48,13460D
62,13056D
63,13040D
64,13551D
48,13490D
65,13493D
65,13494D
66,13499D
55,13504D
67,13515D
68,13529D
69,13532D
70,13533D
51,13541D
71,13542R
71,13506D
57,13508D
55,13546D
72,13549D
73,13580D
64,13588D
74,13590D
53,13593D
67,13594D
74,13596D
74,13790D
75,52650D
75,52599D
76,17204D
77,17208R
77,17218R
78,17220R
76,17222R
79,17300R
80,17332D
76,17340D
81,17347D
79,17356R
79,17371D
82,17382R
83,17385D
78,17394R
84,17396R
79,17460R
85,17500D
86,17520R
87,17526R
88,17530R
89,17548R
90,17560R
91,17563R
89,17565R
92,17564R
93,17568R
82,17569R
94,17570R
95,17571R
96,17575R
90,17576R
97,19880R
98,19870R
99,19835R
38,19830R
100,19855R
101,19836R
98,19833R
98,19840D
102,19844R
103,19846R
104,19843R
101,19850D
101,19851R
105,22008R
106,22030R
107,22036R
105,22037R
108,22048R
106,22058R
109,22072R
110,22102D
109,22086D
111,22092D
34,63500D
112,63504D
113,63505D
113,63519D
114,63509D
115,63510D
102,63511D
116,63512D
117,63513D
118,63514D
119,63515D
6,63539D
2,63541D
101,63543D
120,63523D
121,63525D
122,63526D
123,63520D
12,63529D
124,63530D
121,63532D
111,63533D
125,63534D
126,63575R
127,63576R
128,63577R
129,63570D
130,22074D
131,22075D
108,22087D
132,25601R
132,25602R
133,25694R
134,25696R
133,25698R
134,25699R
134,25403D
134,25636D
132,25373R
135,25416R
135,25417R
136,25420R
137,25430D
137,25431D
137,25432D
138,25434R
138,25435R
138,25440R
139,25436D
139,25437D
140,25438D
140,25526R
141,25443R
142,25444R
142,25445R
143,25352R
110,25500R
144,25456R
144,25457R
133,25670R
144,25461R
145,25359R
145,25360R
145,25362R
146,25356R
147,25470R
147,25471R
141,25472R
140,25527R
148,25474R
148,25475R
149,25545R
135,25476R
138,25480R
147,25682R
142,25488R
150,25685R
151,25307R
152,25575R
153,25663D
154,25512R
143,25320R
132,25392R
133,25549R
146,25523R
139,25525R
155,25645R
156,25590D
151,25669D
149,25328D
152,25800R
157,25842D
39,25822R
158,26022R
159,26320R
160,26001R
161,26044R
162,26062R
160,26082R
163,26083R
163,26085R
164,26328R
162,26087R
165,26088R
166,26090R
167,26092R
166,26093R
168,26094R
168,26096R
166,26334R
168,26136R
169,26336R
170,26338R
171,26111R
172,26000R
173,26004R
172,26007R
174,26008R
172,26307R
175,26308R
175,26310R
176,26345R
176,26348R
176,26349R
173,26375R
175,26379R
177,26052R
177,26053R
174,26055R
178,26057R
178,26060R
178,26346R
178,26347R
178,26350R
179,26119R
180,26122R
160,26128R
181,26132R
181,26139R
182,26148R
167,26152R
183,26154R
184,26155R
185,26157D
186,26161R
187,26165R
164,26173D
188,26174D
163,26175D
188,26179D
189,26109D
179,26178D
189,26219D
160,26180D
160,26181D
190,26183D
168,26185D
185,26186D
168,26269D
191,26279D
158,26187D
158,26191D
162,26189D
182,26199D
182,26340D
192,26209D
185,26201D
180,26341D
185,26342D
193,26251D
193,26252D
184,26202D
193,26208D
186,26205D
186,26343D
186,26204D
194,26216D
195,26217D
190,26227D
191,26231D
196,26234D
197,26246D
198,26248D
171,26250D
195,26256D
171,26281D
192,26280D
199,26282D
181,26286D
200,26288D
201,26292D
198,26293D
191,26295D
200,26297D
194,26299D
202,32600R
203,32620R
204,32627R
205,32632D
206,32633D
207,32634D
204,32635R
208,32636R
116,32637R
209,32640R
210,32641R
211,32645R
206,32646R
212,32650R
213,32651R
214,32652R
215,32663R
216,32705R
217,32680D
215,32684D
218,32685D
219,32689D
216,32690D
220,32692D
217,32697R
221,32735R
219,32702R
222,32745R
223,32711R
202,32712R
224,32770R
3,32715R
225,32716R
218,32729R
226,32734R
212,32733D
208,32812R
221,32742R
203,32743R
205,32790R
119,32758D
207,32759D
227,32760D
115,32762D
213,32763D
228,32771D
229,32773D
223,32793D
209,32606D
36,32784D
230,32801D
231,32803D
232,32804D
233,32805D
220,32809D
234,32814D
211,32815D
235,32816D
236,32823D
227,32826D
237,32827D
226,32828D
210,32840D
238,33000R
239,33002R
240,33003R
241,33005R
242,33021R
238,33022R
240,33024R
240,33025R
240,33028R
242,33026R
242,33027D
243,33031R
244,33050R
241,33032R
244,33036R
245,33040R
239,33042R
241,33071D
246,33064D
246,33065D
243,33067D
238,33072D
247,33089D
248,38100D
249,34236D
250,34206D
250,34207D
249,34221R
249,34224R
251,34226R
251,34228R
251,34233R
252,34234R
253,34239R
254,34242R
254,34244R
255,34245R
255,34247R
255,34250R
252,34251R
252,34253R
254,34254R
250,34256R
256,34260R
257,34262R
258,34263R
259,34268R
260,34270R
125,34275R
256,34280R
108,34284R
131,34291R
112,34293R
261,34295R
258,34305D
250,34351D
123,24800R
262,24824R
263,24920R
264,24937R
265,24950R
266,24945D
266,24966R
267,24981R
268,24997R
269,25007R
270,24994D
270,24996D
270,25015D
271,24995R
272,25001R
273,25004R
269,25002R
274,25005R
266,25040D
271,25041R
275,25008R
275,25010R
266,25060D
276,36003D
277,36004D
276,36009R
277,36030D
278,34900R
279,34903R
280,34912R
281,34920R
259,34921R
280,34923D
279,34927D
281,34935R
282,34951D
280,34967D
283,34984R
283,34988D
100,19957D
284,36700R
284,36703R
284,36702D
285,37008R
286,36960R
287,37190R
288,37195R
289,37052R
290,37053R
291,37015R
122,37030R
292,37029R
157,37107R
285,37055R
286,37061R
293,37044R
290,37075R
294,37065R
295,37084R
124,37090R
289,37092R
296,37147R
297,37108R
298,37117R
299,37199R
300,37159R
295,37202R
291,37151D
299,37235D
287,37200D
301,37215D
293,37284D
292,37240D
297,37262D
302,37271D
300,37264D
303,37279D
303,37269D
304,38409D
67,38511R
305,38400R
304,38401R
304,38402R
306,38403R
306,38404R
306,38405R
307,38406R
308,38411R
308,38420R
306,38412R
306,38413R
307,38414R
309,38415R
309,38416R
309,38422R
307,38423R
308,38452R
307,38453R
307,38454R
310,38429R
311,38529R
310,38434D
306,38435R
306,38436R
312,38438R
312,38439R
312,38440R
309,38441R
309,38442R
313,38443D
314,38508D
307,38444R
307,38447R
307,38448R
67,38530R
67,38531R
305,38541R
309,38542R
309,38543R
314,38545R
314,38546R
315,38480R
316,38481R
316,38482R
316,38483R
316,38484R
310,38488D
307,38490R
306,38491R
309,38492R
304,38502R
314,38455R
317,37710R
248,37720D
318,37733R
319,37740R
320,37747R
321,37765D
320,37770R
322,37775R
323,37810D
317,37816R
324,37827R
325,37839R
326,37840R
327,37843R
328,37875R
329,37877D
321,37905R
324,38098D
317,37913D
318,37920D
330,37926R
331,37936D
326,37944D
332,37948D
333,37922D
334,41502D
334,41518R
334,41534R
335,34400D
336,34403D
337,34404D
337,34405D
336,34406D
338,34418R
337,34420R
338,34421R
339,34426R
335,34430R
335,34431R
336,34433D
338,34434R
340,34436R
253,34446R
340,34447R
341,38250R
342,38261R
343,38255R
344,38211R
345,38239R
341,38277R
104,20004D
103,20005R
346,38802R
347,38812R
347,38837R
348,38972R
349,38960R
349,38961D
350,38818R
350,38990R
75,38971D
348,38838R
351,38845R
352,38839R
353,38861R
350,38876R
354,38893D
355,38944D
347,38945D
356,38946D
351,38907D
354,38908D
352,38915D
348,38951D
357,38955D
355,38956D
354,38968D
357,38973D
358,38983D
359,38985D
360,39791D
361,39790R
362,42210R
363,42211R
166,42212R
304,42214R
364,42215R
259,42217R
365,42224R
366,42292R
367,41550R
368,41560R
31,41561R
369,41519R
367,41501R
369,41558R
370,47600D
371,47643D
371,47644D
64,48304D
64,48312D
372,49701R
373,49703R
374,49705R
374,49706R
374,49707R
374,49709R
375,49710R
376,49711R
373,49712R
376,49713R
374,49908R
374,49910R
377,49718R
378,49719R
377,49720R
377,49721R
377,49722R
377,49723R
379,49920R
379,49921R
378,49923R
378,49924R
374,49727R
374,49728R
380,49729R
381,49732R
380,49739R
380,49740R
380,49741R
380,49743R
382,49744R
382,49746R
380,49950R
380,49951R
383,49755R
384,49756R
384,50020R
384,50021R
385,50022R
385,50023R
383,50024R
386,50025R
387,50026R
385,50027R
388,50030R
389,50031R
388,50032R
389,50033R
387,50034R
383,50035R
387,50036R
386,50037R
386,50038R
390,49760R
390,49762R
376,49763R
391,49764R
376,49766R
391,49767R
375,49768R
375,49769R
362,49770R
375,49771R
362,49772R
375,49773R
375,49774R
392,49963R
384,49964R
391,49965R
381,49967R
362,49979R
362,49980R
362,49981R
362,49982R
393,50050R
376,50051R
376,50052R
393,50054R
391,50055R
393,50056R
384,50057R
391,50058R
374,49776R
393,49750R
381,49983R
394,49784R
393,49781R
392,49782R
380,49811R
380,49812R
380,49813R
394,49988R
394,49989R
394,49792R
394,49794R
372,49795D
395,49802R
395,49804R
395,49884R
396,49886R
396,49887R
396,49888R
396,49889R
396,49890R
396,49891R
397,49826R
397,49827R
397,49828R
398,49829R
398,49831R
398,49833R
398,49834R
398,49936R
398,50010R
398,50011R
316,49836R
316,49837R
376,49839R
376,49840R
376,49841R
316,49842R
396,49847R
396,49848R
396,49849R
399,49850R
399,49851R
399,49852R
399,49948R
372,49859R
400,49861R
401,49960R
375,49864R
393,49865R
376,49866R
362,49867R
380,49868R
362,49869R
381,49870R
375,49871R
381,49872R
374,49968R
381,49969R
399,49975R
372,49814R
372,49815R
396,49892R
372,49928R
372,49930R
316,50012R
316,50013R
200,49365R
402,49345R
402,49346D
403,49356R
404,49401R
405,49410R
406,49415R
407,49419R
408,49687R
409,49464R
410,49470R
411,49511R
412,49522R
413,49526R
414,49528R
415,49551R
404,49552R
416,49555R
407,49572R
417,49575R
418,49676R
408,49584R
419,49586R
412,49587R
406,49602R
411,49603R
420,49611R
403,49619R
359,49630R
410,49649R
43,50310R
421,50340R
422,50342R
423,50362R
424,50360R
425,50380R
426,50382R
423,50400R
43,50402R
422,50404R
427,50420R
423,50550D
428,50470D
428,50472R
428,50473R
429,50490R
422,50500D
430,50506D
431,50512R
432,50515R
433,50518D
433,50519D
434,50604R
435,50610R
436,50616R
437,50628R
431,50629R
426,50633R
332,52341R
438,52342D
439,52301D
440,52302D
441,52309D
442,52314D
443,52313D
444,52320D
319,52303D
445,62375D
445,62379D
446,51900R
447,51910R
444,51945R
438,51940R
328,52001R
282,51970R
448,51980R
444,51995R
329,51975R
449,52020R
450,52038R
439,52056R
451,52060R
451,52070R
442,52010R
324,52086D
452,52092D
452,52094D
452,52096D
446,52080R
328,52133R
443,52138R
441,52090R
453,52149R
448,52101R
454,52151R
322,52152R
455,52155R
455,52156R
451,52165R
456,52400R
456,52410R
457,52451R
458,52440R
459,52450R
460,52455R
461,52460R
462,52473R
463,52476R
461,52480R
460,52470R
464,52483D
465,52481R
466,52482R
467,52487R
467,52500R
456,52527R
467,52524R
466,52619R
466,52655R
468,52535R
469,52540R
465,52541R
465,52542R
460,52543R
470,52547R
470,52548R
470,52560R
471,52562R
472,52565R
473,52566R
474,52567R
473,52569R
475,52564R
476,52561R
477,52568R
477,52571R
468,52629R
478,52601R
468,52660R
479,52626R
463,52622R
480,52670R
472,52620R
353,52442R
481,52644R
482,52624R
457,52625R
483,52559R
457,52623R
464,52651D
462,52663D
484,52680D
484,52681D
485,52532D
486,52694D
487,52690D
488,52691D
489,52997D
490,52748D
491,52775D
492,52780D
493,52490D
469,52491D
483,52492D
464,52668D
494,52684D
494,52951D
495,52499D
461,52510D
496,52498D
497,52713D
469,52701D
493,52702D
464,52735D
473,52739D
464,52736D
498,52742D
464,52737D
498,52738D
499,52724D
475,52743D
498,52747D
464,52745D
464,52746D
483,52741D
500,52744D
471,52731D
501,52750D
502,52782D
497,52784D
490,52786D
503,52787D
490,52799D
464,52790D
464,52792D
464,52793D
464,52794D
464,52795D
464,52796D
504,12960R
505,12961R
506,12965R
504,12951R
507,12974R
508,12954R
507,12977R
509,12988D
509,12990D
504,12993D
510,12992D
511,12981D
507,12989D
512,12956D
505,12957D
509,12970D
53,12973D
509,12980D
505,12991D
114,60025R
513,60056R
514,60035R
515,60037R
516,60055R
513,60082R
517,60089R
518,60077R
519,60079R
520,60141R
516,60170D
514,60180D
516,60181D
521,60216R
522,60227R
523,60205D
524,60212R
524,60214R
524,60215R
523,60220R
525,60240R
526,60244R
525,60245R
525,60248R
527,60246D
239,70800D
244,70808D
528,70816D
529,70824D
530,70832D
531,70840D
532,70848D
533,70849D
534,70856D
533,70857D
535,70880D
122,70888D
536,61425R
537,61440R
538,61445R
537,61540R
539,61508R
540,61511R
541,61483R
541,61482R
538,61484R
542,61485R
542,61487R
543,61481R
540,61495R
541,61500R
537,61506R
538,61518R
544,61525R
537,61517D
536,61600D
545,61550D
440,61555D
541,61610D
539,61571D
546,61580D
545,61599D
547,62001D
548,62003D
549,62005D
548,62007D
550,62009D
549,62029R
551,62031R
552,62033R
553,62035R
553,62039R
551,62041R
554,62043R
555,62045R
556,62047R
557,62049R
549,62051R
558,62053R
548,62055R
559,62059R
554,62061R
547,62062R
547,62063R
559,62065R
560,62066R
558,62068R
561,62071R
562,62073R
556,62075R
552,62079R
563,62081R
555,62085R
552,62087R
563,62091R
557,62097R
553,62099R
561,62101R
556,62103R
557,62111R
560,62115R
560,62117R
7,62119R
551,62130R
564,62131R
555,62132R
563,62134R
562,62137R
562,62200R
564,62201R
559,62204R
565,62275R
565,62277R
566,62279R
567,62274R
565,62118R
565,62216R
554,62221R
561,62223R
558,62225R
7,62276D
568,62355D
567,62365D
550,62292D
569,35619R
570,35628R
571,35645R
572,35712R
573,35635R
574,35771R
575,35637R
572,35646R
576,35622R
569,35798R
577,35626D
572,35777R
573,35727D
576,35624D
576,35625D
576,35627D
576,35663D
578,35786D
578,35788D
574,35781D
574,35784D
577,35685D
577,35686D
573,35687D
573,35688D
579,35691D
579,35892D
578,35807D
578,35808D
580,35785D
580,35787D
581,35711D
581,35713D
580,35715D
580,35716D
574,35719D
574,35720D
576,35723D
576,35724D
569,35893D
581,35729D
581,35730D
577,35741D
577,35742D
582,35749D
577,35799D
575,35782D
579,35623D
570,35793D
570,35891D
570,35779D
570,35778D
570,35752D
570,35757D
570,35758D
583,12250D
584,64200R
585,64201R
586,64202R
587,64204R
588,64210R
589,64220R
590,64225R
591,64235R
592,64250R
593,64255R
594,64260R
595,64265R
596,64275R
597,64280R
598,64285R
599,64290R
600,64295R
589,64310R
587,64315R
590,64320R
601,64325R
602,64330R
586,64332R
585,64335R
603,64340R
604,64345R
591,64350R
605,64355R
606,64360R
607,64365R
608,64370R
609,64375R
610,64380R
611,64385R
612,64390R
594,64395R
613,64400R
595,64405R
597,64415R
614,64425R
613,64430R
615,64435R
8,64440R
593,64445R
611,64450R
616,64455R
617,64460R
600,64465R
618,64468R
612,64470R
619,64475R
620,64477R
614,64480R
621,64485R
622,64490R
365,64495R
623,64500R
624,64505R
601,64510R
625,64515R
602,64520R
603,64525R
604,64530R
626,64535R
606,64540R
627,64545R
609,64550R
628,64555R
615,64560R
616,64565R
617,64570R
596,64575R
618,64580R
619,64585R
621,64590R
620,64592R
629,64595R
610,64600R
598,64605R
592,64610R
608,64615R
599,64620R
622,64625R
365,64630R
586,64632R
623,64635R
624,64640R
601,64645R
625,64650R
591,64655R
626,64660R
605,64665R
606,64670R
607,64675R
627,64680R
630,64685R
631,64690R
632,64695R
8,64700R
598,64705R
621,64710R
629,64715R
628,64720R
608,64730R
599,64735R
600,64740R
620,64745R
619,64750R
596,64765R
633,64775R
634,64780R
635,64785R
636,64795R
637,64800R
584,64805R
588,64810R
638,64820R
639,64835R
603,64837R
604,64840R
626,64845R
605,64850R
607,64855R
627,64860R
630,64865R
631,64870R
632,64875R
633,64885R
634,64890R
635,64895R
636,64910R
637,64915R
588,64920R
638,64923R
639,64935R
631,64940R
632,64945R
637,64981R
639,64986R
618,64420R
640,64995D
641,65000R
642,65005D
643,65010R
644,65015R
645,65025R
646,65040R
647,65041R
648,65045R
649,65050R
650,65055D
645,65060R
651,65065R
652,65070R
641,65075R
653,65080R
654,65085R
232,65090R
655,65093R
656,65095R
657,65100R
657,65105R
653,65106R
658,65115R
654,65120R
659,65122R
660,65125R
232,65126R
656,65127R
648,65130R
649,65135R
650,65140D
661,65145R
652,65150R
233,65155D
662,65160R
231,65165D
663,65170R
658,65173R
597,65175R
660,65180R
655,65185R
647,65186R
659,65187R
640,65190D
661,65195R
652,65200R
645,65205R
233,65210R
662,65215R
651,65220R
646,65225R
663,65230R
656,65232R
231,65235R
658,65240R
660,65245R
655,65250R
647,65251R
657,65252R
278,65255R
642,65260D
664,65265R
643,65270R
644,65275R
648,65295D
649,65300R
661,65305R
233,65310R
662,65320R
651,65325R
642,65330D
664,65335R
643,65340R
644,65345R
584,65397R
278,65400R
664,65401R
665,66701R
665,66710R
666,66716R
667,66719R
668,66725R
667,66728R
669,66734R
666,66736R
670,66740R
669,66742R
671,66761R
672,66763R
671,66765R
673,66767R
673,66769R
671,66771R
672,66773R
673,66779D
674,66781R
675,66783R
675,66785R
676,66787R
675,66789R
677,66800R
678,66802R
678,66804R
677,66806R
677,66808R
679,66814R
680,66816R
681,66818R
682,66820R
681,66824R
680,66826R
682,66828R
682,66830R
683,66834R
684,66836R
685,66840R
684,66844R
686,66846R
687,66848R
640,65515D
595,66910D
614,66912D
617,66914D
688,14040D
688,14041D
688,14042D
688,14044R
689,14181R
690,14090R
690,14093R
691,14095R
692,14097R
693,14105R
693,14106R
694,14061R
694,14062R
694,14063R
691,14056R
691,14057R
691,14058R
695,14120R
696,14188D
689,14321D
689,14322D
697,14205R
694,14251D
694,14252R
694,14218D
694,14219D
698,14241R
698,14242R
699,14244R
700,14246D
700,14253R
701,14260D
701,14261D
701,14262D
701,14263D
702,14298D
702,14302D
703,14305D
704,14314R
704,14315R
705,14326D
706,14328D
705,14327D
707,14333D
689,14334D
708,10200D
708,10201D
709,10202D
710,10211R
711,10215D
709,10217R
712,10218R
713,10225R
714,10227R
715,10231D
716,10238D
716,10242R
717,10253R
718,10248D
719,10256R
719,10257R
716,10259D
716,10276D
715,10280R
720,10286D
721,10292D
718,10294D
717,10295R
715,34079D
713,34094D
709,34101D
721,34197D
721,34198R
722,34169D
723,34141D
723,34146D
710,34151R
714,34152R
724,34153R
710,34158R
714,34159R
720,34780D
725,14350R
725,14352R
726,14354R
726,14356R
727,14360R
727,14362R
728,14364R
726,14366R
725,14372R
729,14373R
730,14375R
731,14376R
727,14380R
732,14381R
733,14392D
734,14393D
726,14395D
733,14396D
735,14397D
735,14398D
736,14401D
737,14404D
735,14406D
732,14407D
725,14408D
738,14410D
739,14412D
740,14413D
740,14414D
741,14474D
742,14476D
743,14485R
669,14591R
744,14642R
670,14646R
669,14650R
670,14652R
670,14654R
745,14656R
668,14658R
745,14660R
668,14662R
745,14664R
674,14666R
746,14668R
747,14671R
746,14673R
674,14675R
676,14677R
676,14679R
748,14683R
749,14685R
749,14687R
748,14689R
750,14691R
751,14721R
751,14722R
751,14723R
752,14724R
753,14726R
754,14727R
754,14728R
754,14729R
755,14730R
756,14731R
755,14732R
757,14733R
758,14734R
754,14735R
759,14736R
759,14737R
756,14738R
760,14739R
761,14740R
692,14765D
692,14766D
762,14781R
763,14786R
763,14787R
762,14788R
762,14789R
762,14790R
764,14848R
764,14849R
764,14850R
765,14800R
765,14802R
765,14803R
765,14804R
765,14806R
766,14812R
766,14814R
766,14815R
766,14816R
766,14817R
766,14818R
767,14824R
767,14826R
767,14828R
767,14830R
767,14832R
767,14834R
768,14836R
768,14838R
768,14840R
768,14842R
768,14843R
768,14844R
769,14861R
769,14862R
742,14882R
742,14883R
742,14884R
742,14885R
742,14886R
770,14887R
770,14888R
770,14889R
770,14890R
770,14891R
771,14896R
771,14892R
771,14893R
771,14894R
771,14895R
506,14912R
506,14897R
506,14898R
506,14899R
506,14910R
772,14900R
773,14901R
773,14902R
773,14903R
773,14904R
774,14905R
774,14906R
774,14907R
775,14927D
776,14928R
775,14929R
777,14930R
777,14931R
778,14978R
779,15053R
779,15054R
779,15055R
779,15056R
780,15057R
779,15058R
779,15060R
780,15063R
780,15064R
741,15105D
741,15103D
781,15122R
766,15123R
782,15124R
783,15092R
784,15093R
785,15094R
785,15095R
786,15096R
787,15097R
786,15098R
785,15099R
788,15100R
788,15102R
789,15108R
787,15109R
787,15110R
790,15112R
675,15168R
673,15221R
749,15240D
791,15164D
669,15165D
792,15166D
793,16185R
742,16188D
794,16190R
795,16194R
770,16199R
793,16206R
796,16208R
793,16211R
797,16214R
798,16217R
799,16223D
799,16224D
800,16233D
800,16234D
800,16235D
800,16236D
801,16237D
780,16239D
802,16244D
802,16245D
506,16246D
803,16248D
804,16251D
805,16254D
805,16255D
806,16256D
807,16260D
808,16263D
809,16266D
795,16267D
795,16268D
795,16269D
795,16270D
796,16280D
794,16281D
794,16282D
810,16285D
810,16286D
810,16287D
810,16291D
810,16292D
810,16293D
811,16301D
811,16302D
812,16305D
506,16306D
813,16309D
814,16311D
815,16314D
815,16320D
798,16323D
798,16324D
816,16327D
799,16329D
806,16330D
817,16332D
797,16335D
797,16336D
818,16340D
816,16341D
816,16342D
771,16348D
819,16349D
820,16351D
821,16384R
815,16389R
822,15285R
822,15286R
823,15305R
823,15306R
824,15320R
825,15323R
825,15324R
825,15325R
826,15326R
827,15328R
828,15329R
824,15330R
829,15333R
829,15335R
177,15337R
822,15340R
830,15350R
831,15351R
831,15353R
832,15360R
832,15362R
833,15366D
824,15367R
834,15370R
835,15476R
835,15383R
836,15424D
837,15425D
174,15391D
174,15392D
827,15393D
828,15396D
831,15395D
831,15398D
826,15401D
177,15405D
838,15407D
838,15408D
822,15409D
833,15419D
839,15420D
840,15423D
841,15430D
829,15440D
834,15444D
842,15447D
843,15473D
844,15486R
837,15488R
752,15535D
752,15653D
845,15536D
845,15788D
706,15650D
846,15598D
846,15599D
780,15556D
802,15752D
799,15753D
799,15754D
805,15764D
847,15769D
847,15770D
848,15792D
848,15793D
848,15797D
848,15798D
791,15799D
791,15800D
791,15801D
748,15807D
748,15808D
668,15809D
668,15810D
668,15811D
848,15812D
848,15813D
828,15815D
828,15817D
803,15825D
803,15826D
803,15827D
803,15828D
840,15843D
840,15844D
839,15944D
846,16104R
705,16107R
849,16508R
849,16509R
850,16470R
850,16472R
845,16476R
851,16477R
851,16478R
852,16479R
853,16480R
854,16494R
855,16498R
855,16500R
856,16502R
857,16504R
858,16505R
857,16506R
859,16522D
860,16524D
852,16526D
845,16528D
861,16530D
854,16531D
862,16532D
851,16534D
863,16546D
863,16547D
861,16564D
861,16566D
864,16551D
854,16549D
854,16548D
865,16554D
865,16555D
865,16556D
865,16557D
865,16558D
865,16561D
866,16577R
867,16578R
759,16679R
788,16666D
868,16669R
756,16671R
869,16672R
870,16673R
871,16675R
872,16725R
786,16684R
873,16678R
874,16680D
757,16681R
875,16677R
876,16724R
875,16727D
875,16719D
873,16692D
868,16700D
877,16699D
868,16694D
868,16696D
873,16704D
757,16713D
871,16721D
878,16703D
869,16705D
869,16709D
757,16707D
871,16741D
872,16708D
879,16734D
880,16722D
881,16792R
882,16635R
883,16850R
883,16851R
884,16855R
875,16857R
885,16880D
886,16881D
887,70125D
888,70126D
889,70130D
890,70131D
891,70135D
892,70140D
893,70150D
894,70165D
895,70166D
888,70171D
896,70175D
897,70180D
898,83000D
899,83010D
900,83020D
901,83021D
902,83030D
903,83031D
904,83060D
905,83070D
906,83100D
907,83110D
908,13800D
909,13801D
910,13802D
911,13803D
912,13804D
913,13805D
914,13806D
913,13816D
915,13808D
916,13809D
910,13810D
917,13811D
918,13812D
919,13813D
920,13814D
909,13822D
921,13823D
922,13826D
923,13824D
924,13825D
925,13840D
926,13827D
927,13842D
928,13845D
929,13828D
930,13829D
931,13843D
932,13830D
933,13831D
918,13847D
934,13832D
935,13833D
928,13834D
932,13835D
936,13850D
915,13836D
924,13837D
937,13853D
938,70300D
939,70308D
940,70316D
941,70324D
941,70332D
942,70340D
943,70380D
944,70388D
945,16951D
946,16998D
947,16999D
948,16990D
949,16974D
950,16958D
951,16967D
952,16983D
953,17006D
954,17007D
955,17030D
956,17038D
957,13900D
958,13901D
959,13902D
960,13904D
961,13905D
958,13906D
962,13908D
963,13909D
964,13912D
965,13913D
961,13916D
966,13917D
967,13920D
966,13921D
964,13924D
968,13925D
969,13926D
970,13928D
959,13929D
971,13932D
972,13933D
973,13936D
974,13937D
975,13940D
976,13941D
977,13942D
962,13944D
960,13945D
978,19568D
979,19564D
980,19551D
981,19552D
982,19554D
983,19555D
984,19557D
985,19567D
986,17825D
987,17827R
988,17833D
989,17836D
990,17815D
991,17800D
991,17802D
992,17835D
993,17829R
994,17841D
995,17843D
996,17808D
997,17807D
991,17805D
991,17810D
998,17842D
999,17853D
1000,17857D
1001,17852D
1002,17876D
1003,17851D
1004,17875D
1005,17873D
1006,17917D
1007,17923D
1008,17862R
1009,17874D
1010,17888R
1011,17892D
1012,17893D
999,17894D
1012,17895D
1006,17897D
1013,17925D
1014,17900D
1015,17909D
1005,17911D
1016,17918D
1017,17906D
1010,17924D
1014,17922D
985,17926D
1018,17938D
1011,17954D
1007,17950D
1017,17955D
1019,17997D
1020,17958D
1021,17969D
1022,17981D
1002,17986D
1023,18000R
1023,18005R
1024,18160R
1025,18164R
991,18170R
1023,18087R
294,18197R
1026,18201R
1027,18206R
1028,18215R
1029,18198R
1030,18228R
1031,18254R
1032,18199R
1029,18245D
1030,18250R
1033,18255D
1024,18260D
1034,18270D
1027,18275D
1035,18259D
130,18191D
1036,18295D
1037,18351D
1038,18353R
1039,18431R
1040,18364R
1041,18432R
1042,18413R
1040,18433D
1043,18434D
1044,18441D
1045,18354D
1046,18380R
1047,18435D
1041,18442D
1048,18356D
1049,18436D
1050,18366D
1051,18423D
1052,18402D
1051,18428R
1053,18358D
1054,18355D
1055,18360D
1056,18361D
1057,18403D
1058,18439D
1059,18406D
1060,18427D
1058,18407D
1061,18370D
1037,18369D
1062,18357R
1063,18372R
1064,18373R
1065,18444R
1041,18383D
1066,18395D
1065,18396D
1065,18411D
1053,18415D
1043,18417D
1067,18419D
1058,18388D
1068,18371D
1069,18397D
1070,18378D
1043,18367D
1071,18467R
1072,18471D
1071,18472D
1073,18473D
1074,18476D
1075,18477D
1076,18479D
985,18461D
985,18462D
985,18464D
985,18480D
985,18481D
985,18482D
1077,18493R
1078,18494R
1079,18495R
1080,18499R
1081,18500R
1082,18501R
1083,18510R
1083,18511R
1084,18519R
1085,19111D
1086,19112R
1087,19113R
1088,19115R
1086,19116R
1088,19119R
1089,19129D
1080,18527R
1090,18528R
1091,18529R
1092,18532R
1093,18535D
1094,18536D
1095,18538R
1096,18541R
1097,18542D
1098,18543R
1099,18544D
1100,18546R
1101,18547R
1101,18551R
1102,18548R
1103,18550R
1104,18556R
1105,18557D
1106,18559R
1107,18563R
1108,18564R
1109,18569R
1110,18572D
1111,18570D
1112,18571D
1113,18575D
1114,18577D
1115,18582D
1107,18586D
1115,18587D
1077,18588D
1116,18589D
985,18591D
985,18594R
1117,18593R
1118,18596R
1119,18599R
1120,18610D
1121,18616D
1122,18617D
1122,18618D
1123,18600D
1123,18601D
985,18603D
985,18604D
985,18607D
985,18608D
1124,18623R
1096,18625R
1125,18626R
1126,18630D
1110,18633D
1127,18634D
1073,18635D
1128,18640D
1129,18641R
1130,18642D
1093,18646D
1077,18647D
1131,18650D
985,18651D
1132,18661D
1132,18664D
1133,18666D
1134,18668D
985,18669D
1104,18670D
1135,18672D
1098,18790D
1126,18784D
1136,18785D
985,18786D
1100,18788D
1098,18789D
1137,18679D
1138,18681D
1139,18686D
1134,18688D
1140,18689D
1141,18690R
1142,18692D
1143,18693D
1115,18696D
1122,18697D
1144,18798D
1144,18795D
1145,19182D
1146,19383D
1147,19384D
1148,19385D
1149,19215D
1150,19156D
1151,19157D
978,19429D
1152,19214R
1153,19160R
1154,19162R
1146,19317R
1155,19154D
1156,19413R
1157,19296R
1158,19297R
1150,19310R
1159,19311R
1160,19401R
1161,19402R
1162,19406R
1163,19408R
1164,19179D
1165,19180D
1166,19181D
1167,19448D
1168,19189D
1169,19191D
1154,19416R
1170,19195R
1171,19198D
1172,19199D
1149,19436D
1156,19440D
1173,19203D
1174,19175R
1175,19186R
1170,19197R
1163,19202R
1176,19212R
1177,19325R
1159,19208D
1158,19353D
1153,19351D
1178,19216R
1154,19217R
1179,19280D
1168,19281D
1180,19282D
1181,19283D
1182,19284D
1171,19229D
1145,19235D
1183,19236D
1184,19240D
1185,19241D
1184,19237D
1147,19238D
1183,19442R
1152,19352D
1185,19365D
1177,19249D
1148,19251D
1186,19218D
1187,19239R
1188,19341R
1189,19343R
1180,19344R
1190,19356D
1182,19256R
1191,19407D
1192,19382R
1155,19289R
1193,19183D
1194,19421D
1194,19424D
1151,19361D
1145,19372D
1195,37401R
1196,37402D
1197,37404D
1198,37405D
1199,37411D
1195,37412D
1200,37413D
1201,37407D
1202,37414D
1201,37415D
1203,37408D
1204,37416D
1197,37435R
1033,37436R
1205,37438D
1196,37439D
1206,37426D
1207,37449D
1198,37451R
1203,37462R
1203,37472R
1208,37473D
1209,37475R
1207,37476R
1033,37492D
1210,19724R
1211,19710D
1212,19711R
1213,19718R
1214,19712R
985,19705D
1215,19713D
1216,19706R
1217,19757R
1218,19730D
1219,19709D
1212,19716D
1215,19723D
1215,19732D
1220,21910R
1220,21911R
1221,21920R
1222,21706D
1223,21709R
1223,21714D
1224,21717D
1222,21722D
1225,21723D
1226,21726D
1226,21727D
1227,21729D
1228,21738D
1229,21739D
1230,21740D
1231,21746D
1232,21749R
1233,21753D
1234,21758D
1235,21761D
1236,21765D
1230,21767D
1235,21771D
1237,21772D
1238,21774D
1239,21776D
1240,21778D
1239,21779D
1241,21783D
1241,21784D
1242,21786D
1242,21787D
1243,21794D
1244,21804D
1245,21805D
1246,21807D
1237,21808D
1247,21821D
1247,21827D
1247,21828D
1247,21832D
1223,21833D
1247,21834D
1223,21835D
1247,21839D
1223,21840D
1248,21844D
1249,20327R
1250,20374R
1251,20375R
1252,20376R
1251,20377R
1253,20378R
1251,20380R
1254,20388R
1255,20402R
1256,20458R
1257,20459R
1249,20475R
1258,20477R
1259,20491R
1260,20499R
1261,20505R
1256,20506R
1262,20507R
1263,20509R
1262,20510R
1264,20512R
1265,20514R
1265,20515R
1266,20516R
1265,20517R
1264,20518R
1249,20520R
1266,20522R
1260,20531R
1267,20540R
1268,20546R
1231,20551R
1269,20561R
1254,20568R
1270,20577R
1253,20578R
1257,20583D
1257,20585D
1250,20586R
1260,20587R
1252,20589R
1258,20590R
1263,20592R
1271,20600R
1254,20601R
1272,20613R
1270,20619R
1266,20628R
1264,20634R
1240,20642R
1261,20657R
1250,20659R
1273,20663R
1269,20664R
1270,20671R
1262,20672R
1274,20704R
1273,20763D
1221,20771R
1268,20773R
1275,20779D
1267,20780D
1267,20781D
1274,20800D
1034,20804D
1276,20830D
1277,20835D
1278,20837D
1276,20863D
1279,20867D
1280,20903D
1281,20904D
1272,20908D
1278,20940D
1282,20942D
1224,20943D
1283,20959D
1284,21871D
1285,21872D
1286,21875D
1287,21876D
1271,21881D
1242,21890D
1287,21891D
1288,21897D
1289,21000R
1290,21012R
1291,21005D
1291,21008R
1291,21010R
1292,21092R
1293,21097R
1292,21098R
1294,21099R
1293,21080D
1295,21081D
1296,21082D
1291,21100D
1297,21164R
1298,21175R
1298,21177R
1299,21327R
1300,21130R
1301,21203R
1302,21224R
1295,21232R
1303,21239R
1304,21240R
1300,21457D
1296,21245R
1292,21226R
1302,21265R
1305,21238R
1306,21225R
1307,21285R
1297,21277R
1301,21376R
1297,21340D
1308,21381D
515,21386D
1309,21387D
1296,21388D
1305,21389D
1292,21392D
1304,21393D
1293,21394D
1303,21395D
1289,21398D
1310,21399D
1311,21400D
1291,21401D
1299,21404D
1034,21405D
1307,21407D
1312,21408D
1294,21409D
1313,21410D
1220,21411D
1290,21412D
1295,21414D
1314,21415D
1298,21416D
1315,21417D
1300,21418D
1316,21419D
1301,21420D
1302,21421D
1317,21422D
1315,21397R
1300,21234R
1304,21235R
876,21335R
1301,21344R
1302,21692R
1303,21678D
1311,21546D
1294,21543D
1308,21559D
1308,21570D
1305,21619D
1317,21670D
1304,21467D
1294,21575D
1314,21576D
1293,21627D
1303,21628D
1308,21630D
1298,21631D
1297,21632D
1310,21633D
1289,21634D
1311,21637D
1291,21638D
1302,21639D
1317,21640D
1299,21645D
1292,21646D
1034,21647D
1307,21650D
1312,21651D
1313,21652D
1305,21653D
1220,21655D
1301,21656D
1290,21657D
1295,21658D
1315,21659D
1296,21660D
1309,21661D
1300,21662D
515,21663D
1316,21664D
1317,21549D
1317,21550D
1309,21668D
1318,21069D
1319,21184D
1319,21241R
1320,21243R
1320,21244R
1318,21185R
1321,21316R
1322,21402D
1323,21403D
1318,21406D
1321,21413D
1324,21424D
1325,21426D
1326,21428D
1327,21429D
1320,21450D
1220,21454D
1319,21455D
1324,21491R
1322,21317R
1322,21319R
1326,21312R
1321,21328D
1318,21556R
1326,21595R
1320,21463D
1325,21464D
1319,21524D
1327,21621D
1322,21622D
1323,21636D
1324,21642D
1318,21644D
1326,21649D
1321,21654D
1323,21676R
1323,21679R
1325,52809R
1328,52832D
1328,52834D
1329,52841D
1330,22351D
1331,22353D
1330,22357D
1332,22360D
985,22363D
1333,22368D
1334,22371R
1335,22381D
1336,22383R
1332,22389R
1337,22393R
1338,22394R
1336,22396R
1339,22402R
1338,22403R
1340,22404R
1340,22405R
1341,22406R
1342,22407R
1342,22409R
1343,22410R
1344,22411R
1345,22412R
1346,22413R
1345,22414R
1347,22415R
1346,22418R
1348,22423R
1348,22425R
1348,22426R
1348,22428R
1349,22429R
1350,22431R
1333,22433R
1336,22442D
1334,22445D
1344,22447R
985,22452D
1330,22457D
1336,22463R
1351,22464R
1352,22465R
1353,22466R
1346,22470D
1345,22472R
1352,22355D
1354,22474R
985,22476D
1355,22478D
985,22482D
1350,22486R
1356,22487D
1357,22493D
1353,22495D
1343,22505R
1351,22506R
1339,22507R
1358,22509R
1359,22515D
985,22534D
985,22527D
1359,22540D
1344,22546D
1360,24657D
1360,24659D
1360,24665D
1360,24666D
1360,24664D
1360,24667D
1360,23433D
1360,23436D
1360,23439D
1360,23440D
1360,23441D
1361,24557D
1361,24556D
1361,24558D
1361,24559D
1361,24004D
1361,24003D
1361,24017D
1360,24018D
1360,24026D
1360,24020D
1360,24027D
1360,24048D
1360,24045D
1361,24006D
1361,24031D
1361,24009D
1361,24032D
1360,24572D
1360,24575D
1360,24576D
1362,63305D
1363,62602D
879,62607R
1364,62601R
1362,62604R
1365,62605R
1366,62609D
1367,62621D
1368,62625D
1369,62636R
1369,62631R
879,62632R
1369,62633R
1370,62639R
1370,62642R
1371,62647D
1372,62644R
1373,62657R
1374,62670D
1375,62672D
1374,62611R
1376,62752R
985,62613D
1376,62770R
1377,62781R
1375,62789R
1378,62792D
1379,62796D
1380,62800D
1381,62811R
1381,62820R
1364,62812R
1365,62814R
1376,62830R
1382,62858R
1367,62857R
1382,62859D
1383,62874R
1384,62615R
1375,62905D
1379,62909D
1385,62920D
985,62936D
1386,62927D
1387,62935R
1387,62933R
1388,62950R
1364,62952R
1365,62953R
1368,62954R
1389,62959R
1390,62964R
1370,62990R
1391,63012D
1372,63005R
1383,63003R
1386,63013R
1391,63015D
1363,63020R
1384,63017R
1363,62623R
1366,62669R
1384,63038R
1391,63046D
1392,63056D
1393,63202R
1365,63064R
879,63081R
1394,63087R
1394,63088R
1394,63089R
1394,63122R
1394,63159R
1369,63106R
1395,63108R
1395,63119R
1395,63123R
1395,63124R
1366,63126R
1375,63144D
1383,63170D
1388,63175D
1376,63177D
1367,63178R
1396,63182D
1390,63185R
1397,63186D
1398,63190D
1396,63192D
1398,63193R
1398,63194D
1399,63213D
1400,27315D
1401,26657D
1402,27372D
1403,26659D
1404,26660D
1405,26661D
1406,26607D
1407,26676D
1404,26686D
1408,26560D
1409,26551D
1409,26561D
1409,26562D
1409,26564D
1409,26537D
1409,26547D
1409,26566D
1410,28700R
1410,28701R
1410,28702R
1410,28703R
1410,28704R
1411,28706D
1411,28815D
1411,28707R
1411,28708R
1412,28709R
1413,28752R
1414,28958R
1415,28710R
1415,28735R
1416,28705R
1417,29049D
1418,28726D
1419,28753D
1419,28727R
1420,28916D
1420,28917D
1420,28919R
1420,28920R
1420,28921R
1413,28730D
1417,28734R
1417,29001R
1417,29002R
1417,29003R
1417,28744R
1421,28736R
1422,28738R
1422,28740R
1423,28741R
1424,28742R
1423,28743R
1423,28745R
1423,28746R
1423,28747R
1423,28749R
1413,28803R
1413,28850D
1425,28754R
1425,29005D
1425,28755R
1426,28758D
1426,28760R
1427,28765D
1428,28906R
1429,28781R
1430,28711R
1430,28774R
1430,28775R
1430,28776R
1430,28713R
1412,28778R
1430,28779R
1430,28780R
1420,28821D
1420,28823R
1420,29021D
1420,29022R
1431,28829R
1432,28801R
1423,28796D
1433,28797D
1424,28798D
1417,28806D
1433,29030D
1434,29031D
1435,29035R
1436,28860R
1436,28970D
1437,28976R
1437,28980D
1438,28802R
1438,28805D
1439,28834R
1422,28873R
1422,29044D
1440,28881R
1440,29051D
1441,28885R
1441,29056D
1416,28890R
1416,29060D
1442,28959R
1442,28961D
1443,28901R
1443,29071D
1415,28949R
1444,28899R
1445,29099R
1417,28934D
1410,28951D
1410,28952D
1410,28953D
1435,29085R
1446,29098R
1410,28991D
1410,28922D
1410,28993D
1410,28994D
1410,28995D
1447,29100R
1447,29101R
1448,29103R
1448,29104R
1447,29105R
1449,32523R
1434,32513R
1450,32525R
1448,29120D
1448,29123R
1448,29124R
1447,29125R
1451,32530D
1452,29132R
1452,29162D
1453,29122R
1453,29152D
1454,29134R
1454,29164D
1455,29135R
1455,29165D
1456,29138R
1456,29168D
1457,29172D
1448,32511D
1448,29116R
1448,32512D
1458,28482R
1458,28483D
1459,29145R
1459,29175D
1460,29200D
1461,29208D
1461,29209D
1462,29310D
1463,29222D
1464,29230D
1465,29238D
1466,29239R
1467,29241D
1468,29240D
1469,29250D
1466,29255D
1470,29253D
1464,29271D
1464,29272D
1464,29273D
1467,29274R
1471,29275D
1471,29280D
1472,29285D
1472,29290D
1473,29295D
1468,29282D
1474,29296D
1474,29298D
1475,29287D
1467,29289D
1468,29305D
1468,29306D
1476,29315D
1476,29316D
1477,29322D
1464,29324D
1464,29325R
1478,29279D
1476,29330D
1476,29335D
1476,29340D
1476,29345D
1479,29350D
1480,29360D
1476,29370D
1476,29371D
1476,29395D
1476,29396D
1476,29397D
1476,29398D
1476,29399D
1481,29400D
1482,29407D
1483,29409D
1484,29415D
1483,29419D
1485,29406R
1482,29431D
1486,29452D
1483,29436D
1487,29460D
1487,29461D
1488,29463D
1487,29441D
1487,29462D
1489,29469D
1489,29470D
1490,29600R
1491,29604R
1492,29605R
1493,29609R
1494,29636R
1493,29644R
1495,29655R
1496,29616R
1497,29625R
1498,29620R
1499,29670R
1500,29673R
1493,29674R
1501,29677R
1501,29607R
1501,29612D
1502,29615D
1502,29618D
1503,29699R
1490,29709R
1504,29712R
1505,29719R
1506,29724R
1506,29725D
1507,29732R
1507,29733D
1508,29801R
1509,29736R
1510,29743R
1510,29744D
1492,29800R
1511,29802R
1496,29760D
1512,29828D
1512,29829R
874,29840R
874,29850D
1513,29841R
1513,29842D
1512,29807R
1498,29803R
1514,30211R
1515,29918D
1515,30235D
1516,29920D
1516,29934D
1517,29903R
1517,30397R
1517,30318R
1516,30168R
1518,29947D
1518,29953D
1518,30121D
1519,30389R
1520,30109R
1521,30190R
1522,30113R
1523,29969R
1524,30247D
1515,29912R
1525,30002R
1525,30285R
1526,30043R
1527,30153R
1527,30227R
1528,30197D
1528,29945D
1528,29946D
1529,29997R
1530,30154R
1531,30175R
1532,30386R
1533,30100D
1533,29963D
1534,29996R
1527,30277R
1535,30030R
1536,29989D
1537,30074D
1538,30070D
1539,30161D
1540,30183D
1536,30039D
1536,30130D
1541,29992D
1542,30015D
1542,30014D
1543,30249D
1544,30167D
1545,30223D
1546,29900D
1546,30009D
1547,30202D
1547,30079D
1548,30122D
1549,29995D
1549,30259D
1550,30101D
1550,30102D
1550,30099D
1520,30290D
1519,30221D
1519,30143D
1519,30177D
1514,30059D
1514,30349D
1514,30060D
1551,30326D
1552,30225D
1552,30224D
1553,30250D
1554,30150D
1514,30366D
1554,30149D
1555,29965D
1555,30157D
1546,30131D
1556,30072D
1557,30240D
1535,30236D
1558,30228D
1558,30229D
1559,30176D
1514,30209D
1560,32402D
1561,32459D
1542,32403D
1562,32454D
1562,32456D
1523,32406D
1523,32407D
1542,32408D
1542,32409D
1563,32412D
1563,32441D
1526,32400D
1526,32448D
1526,32442D
1564,32424D
1564,32455D
1565,32457D
1566,30884D
1567,30418R
1568,30898R
1569,30432R
1569,30433R
1570,30402R
1571,30444D
1571,30459R
1572,30467R
1572,30469R
1569,30470R
1573,31307R
1574,30778R
1574,30779R
1575,30480R
1575,30481R
1576,31015D
1576,31012R
1577,31010R
1577,31011R
1578,30496R
1578,30964R
1579,30623R
1579,30505R
1579,30456R
1580,30454R
1580,30503R
1580,30785R
1581,30500R
1581,30545D
1581,30504R
1581,30546D
1581,30684R
1581,31186D
1582,30911D
1573,31284R
1573,31338R
1582,30523R
1582,30593R
1582,30599D
1583,30609R
1583,30613D
1570,30611D
1584,30774R
1584,31113R
1585,30587R
1585,30588R
1586,30689R
1586,30789D
1586,30699R
1586,31399D
1587,30773R
1588,30786R
1589,30477R
1589,30479D
1589,30478R
1589,30483D
1590,30475R
1590,30476R
1591,30572R
1592,31190R
1592,31298D
1593,30888R
1594,30565R
1578,31322D
1578,31398R
1592,31301D
1592,31303D
1567,30812D
1595,30624R
1595,30625D
1596,30681R
1597,30695D
1597,30696R
1598,30590R
1599,30753D
1599,30759D
1600,30702R
1584,30799D
1601,31119R
1602,30401R
1584,30897R
1584,30979R
1590,30411R
1603,30628D
1603,30630R
1577,30465R
1604,30592D
1604,30594R
985,30654R
1605,30653D
1605,30656R
1443,30987R
1443,31044D
1602,30999R
1606,30663D
1584,30404R
1605,30787R
1607,30460R
1607,30889D
1608,31328R
1585,30576R
1609,28402D
1610,28404D
684,28406R
1611,28400R
1611,28401R
687,28408D
687,28410D
685,28403R
1612,31400R
1613,31405R
1612,31415R
1612,31425D
1580,28532D
1614,31600R
1615,31518D
1616,31526D
1617,31680D
1617,31683D
1618,31609D
1619,31540D
1617,31607D
1617,31637R
1620,31628D
1620,31629R
1621,31610D
1616,31613D
1616,31626R
1617,31573D
1622,31521D
1622,31721D
1621,31500D
1623,31508D
1623,31708D
1624,31514D
1624,31714D
1625,31505D
1625,31515D
1624,31517D
1625,31715D
1626,31537D
1626,31737D
1627,31712D
1627,31729D
1628,31530D
1628,31547D
1628,31730D
813,31746D
1620,31543D
1621,31536D
1592,31598D
1629,31538D
1629,31738D
1630,31743D
1631,31504D
1632,31544D
1631,31704D
1622,31545D
1622,31745D
1633,31558D
1624,31561D
1624,31761D
1634,31562D
1634,31728D
570,31576D
570,31776D
421,31532D
1635,31583D
1636,31588D
1635,31783D
1615,31621D
1629,31634D
1637,31770D
1638,31534D
1639,31694D
1640,32100D
1641,32101D
1642,32110D
1642,32131D
1643,32140D
1643,32142R
1644,32144R
1640,32127R
1645,32177R
1646,32189D
1646,32190D
1647,32167D
1640,32159D
1640,32157D
1648,32311D
1648,32341R
1649,32312D
1649,32342R
1650,32317D
1650,32347R
1648,32315D
1648,32348R
1651,32319D
1651,32349D
1652,32320D
1652,32350R
1652,32330D
1652,32360D
1651,32390R
1651,32391D
1651,32392D
1651,32393R
1653,31801R
1653,31802R
1654,31803R
1655,31804D
1656,31805R
1657,31806R
1657,31809R
1658,31810D
1659,31811R
1659,31812R
1659,31813R
1659,31814R
1660,31815R
1661,31816R
1560,31817R
1560,31818R
1560,31819R
1653,31820R
1662,31821D
1663,31822R
1663,31823R
1664,31824R
1665,31825R
1666,31826R
1657,31827R
1667,31828R
1667,31829R
1668,31830R
1669,31831R
1669,31832R
1670,31833R
1670,31834R
1671,31835R
1561,31836R
1672,31837R
1672,31838R
1671,31839R
1560,31840R
1560,31841R
1661,31842R
1673,31843R
1667,31844R
1561,31845R
1674,31846R
1674,31847R
1675,31848R
1675,31849D
1675,31850R
1676,32010R
1653,32030R
1656,31851R
1654,31852R
1654,31853R
1656,31854R
1677,31855R
1678,31856R
1679,31857R
1679,31858R
1680,31859R
1658,31860D
1658,31861D
1636,31862D
1681,31863R
1682,31864R
1683,31865R
1684,31866R
1674,31867D
1674,31868R
1561,31906R
1672,31871R
1685,31872R
1657,31873R
1653,31874R
1686,31876R
1687,31877R
1688,31878R
1541,32011R
1541,31880R
1689,31881R
1682,31882R
1687,31884R
1688,31885R
1688,31886R
1686,31887R
1667,31888R
1671,31890R
1671,31891R
1690,31892R
1691,31893D
1667,31895R
1692,31896D
1693,31898D
1676,32000R
1693,32001D
1541,32020R
1635,32002D
1635,32003R
1686,32005D
1694,33799D
1695,33795D
1696,33844D
1696,33880R
1697,33361R
1697,33362R
1698,33888R
1699,33424R
1700,33873R
1700,33874R
1701,33861R
1701,33863R
1702,33502D
1703,33865R
1704,33801D
1696,33850R
1705,33853R
1706,33883R
1701,33875R
1707,33868R
1706,33790D
1697,33791D
1700,33793D
1708,33794D
1697,33367R
1698,33368R
1703,33891D
1707,33876R
1698,33503D
1709,33312D
1705,33335D
1705,33336D
1706,33311D
1706,33313D
1710,33357D
1710,33383D
1709,33815R
1709,33816R
1709,33817R
1709,33818R
1709,33819R
1711,33824D
1711,33501D
1709,33372D
1712,33375D
1707,33431R
1695,33435D
1713,33428R
1714,33436R
1707,33440R
1695,33290R
1714,33447R
1694,33459R
1715,33461R
1714,33604D
1712,33825R
1713,33898R
1716,35265R
1716,35266R
219,35267R
208,35268R
614,35269R
155,35272R
1716,35274R
230,35276R
1717,35277R
37,35282R
1717,35283R
1718,35286R
1719,35300R
1715,35301R
1720,35302R
1700,35303R
1721,35304R
1722,35305R
1723,35306R
1724,35307R
1720,35396R
24,35324R
1725,35325R
278,35327R
566,35328R
221,35331R
518,35332R
1718,35334R
1725,35336R
1726,35337R
156,35342R
25,35343R
1725,35344R
520,35345R
1727,35346R
568,35347R
18,35348R
279,35349D
416,35350R
1727,35353R
1718,35354R
11,35355R
1728,35356R
419,35357R
445,35359R
222,35361R
663,35362R
3,35363R
254,35365R
224,35369R
99,35370R
150,35371R
215,35372R
339,35373R
1728,35374R
338,35375R
335,35376R
3,35377R
5,35378R
517,35379R
249,35383R
1729,35384R
26,35391R
683,35401R
1611,35403R
245,35421R
19,35422R
1730,35423R
1731,35425R
1730,35427R
1732,35428R
342,35429R
1731,35430R
296,35431R
288,35432R
336,35433R
1731,35436R
1733,35437D
368,35438R
1734,35446R
1271,35447R
1282,35448R
1735,35449R
1310,35450R
1314,35451R
1736,35453R
1737,35454R
1310,35455R
1738,35461R
1739,35462R
346,35463R
1740,35465R
1741,35467R
1461,35475R
421,35487R
421,35488R
1571,35477R
1571,35478R
1742,35480R
1743,35489R
1744,36200R
1745,36230R
1745,36201R
1746,36210R
1747,36220D
1747,36221D
1747,36225R
1748,36242R
1749,36243R
1750,36215R
1747,36270R
1736,36275R
1745,36247R
1751,36257R
1751,36282D
1752,36289D
1746,36292D
1746,36293D
1746,36294D
1751,36297R
1736,36300R
1744,36351R
1744,36298R
1753,36342R
1753,36301R
1754,36304R
1755,36337R
1755,36306R
1756,36309R
1756,36336R
1757,36321D
1757,36323D
1749,36310D
1749,36312D
1752,36311D
1752,36313D
1758,36320D
1758,36324D
1749,36318D
1749,36327D
1759,36317R
1759,36322R
1760,36330R
1760,36332R
1761,36333R
1761,36340R
1762,36354D
1762,36350D
1752,36364R
1752,36384R
1763,36358R
1763,36359R
1764,36346R
1764,36347R
1765,36348R
1765,36349R
1753,36374D
1753,36375D
1766,36356D
1766,36376D
1766,36378D
1766,36379D
1749,36303D
1749,36305D
1758,36326D
1751,36361D
1751,36365D
1758,36366D
1767,36368R
1767,36383R
1768,36380D
1768,36381R
1768,36357D
1769,36352D
1770,36394D
1745,36329D
1771,36341D
1767,36345D
1745,36325D
1745,36328D
1745,36385D
1772,02663R
1773,02603R
1774,02616R
1775,02626R
1776,02613R
1777,02656R
1778,02665R
1779,02653R
1780,02640R
1781,02612R
1782,02607R
1783,02614R
1784,02654R
1785,02651R
1786,02615R
1787,02659D
1788,02660D
1789,40253R
1790,40254R
1791,40263R
1791,40267R
1791,40269R
1791,40279R
1791,40277R
1792,50250R
1793,50251R
1792,50253R
1794,50255R
1794,50256R
1795,40308R
1796,40323R
1797,40325R
1797,50132R
1798,40330R
1798,40333R
1799,40349R
1800,50134R
1801,50107R
1802,40341R
1803,40361D
1804,40362D
1803,40386D
1803,40383D
1803,40395D
1803,40405D
1803,40410D
1803,40415D
1805,40120D
1805,40121D
1805,40122D
1805,40123D
1805,40124D
1806,40128D
1807,40140D
1807,40145D
1807,40146D
1807,40147D
1807,40148D
1807,40149D
1808,40551R
1809,40552R
1810,40572R
1811,40557D
1812,40558R
1813,40564R
1814,40567R
1794,40574R
1815,40556R
1816,40569R
325,40594D
1817,40566R
1818,40570R
1819,40571R
1820,40573R
1821,40576R
1811,40578R
1822,40584R
1820,40586R
1811,40585D
1823,40681D
1823,40654D
1824,40671D
1825,40674D
1826,40667D
1827,40675D
1828,70017D
1828,70006D
1828,70007D
1828,70008D
1828,70009D
1828,70010D
1824,40165D
1824,40170D
1824,40171D
1824,40172D
1824,40173D
1824,40174D
1829,41420D
1830,41402R
1830,41405R
1831,41443R
1832,41403R
1833,41407R
1833,41442R
1833,41434R
1833,41423R
1834,41415R
1835,41438R
1836,41440R
1833,41432R
1837,41430R
1838,41414D
1839,41416D
1840,41355D
1840,41441D
1841,41396D
985,41353D
985,41354D
1842,41367D
1843,41392D
1844,41361D
1844,41358D
1845,41364D
1846,41377D
1847,41365D
1844,41398D
1848,42110D
1849,42100D
1849,42120D
1849,42121D
1849,42122D
1849,42123D
1849,42124D
1850,80000R
1850,80004R
1850,80010R
1850,80011R
1850,80012R
1850,80013R
1850,80014R
1850,80025R
1850,80026R
1850,80027R
1850,80028R
1850,80037R
1360,70108D
1360,70115D
1360,70116D
1360,70117D
1360,70101D
1360,70102D
1360,70111D
1851,70103D
1360,70280D
1360,70114D
1360,70105D
1360,70281D
1360,70118D
1360,70284D
1360,70106D
1852,70500R
1853,70503R
1854,70502R
1855,70508R
1856,70505R
1857,70506R
1858,70507R
1815,41083D
1859,41086D
1860,41104D
1861,41246D
1862,41146D
1863,41154D
1864,41089D
1862,41095D
1846,41205D
1865,41239D
1866,41099D
1866,41098D
1865,41240D
1867,41103D
1867,41101D
1868,41081D
1868,41097D
1869,41062D
1870,41096D
1869,41102D
1871,41235D
1872,41121D
1873,41136D
1874,41092D
1875,41068D
1876,41170R
1877,41091D
1878,41127D
1879,41155D
1880,41050D
1881,41060D
1882,41061D
1841,41147D
1883,41151D
1884,41115D
1881,41169D
1881,41248D
1863,41159D
1874,41181D
1885,41176D
1886,41180D
1837,41182D
1871,41207D
1886,41184R
1886,41186D
1886,41187R
1885,41189D
1886,41093D
1887,41051D
1887,41178D
1881,41179D
1872,41202R
1813,41203D
1873,41215R
1888,41227R
1889,41229R
1837,41204D
1837,41206D
1837,41208D
1837,41210D
1837,41212D
1837,41214D
1837,41216D
1886,41218D
1837,41220D
1886,41222R
1886,41224D
1837,41226R
1837,41228D
1886,41230R
1886,41232R
1837,41234R
1837,41236D
1886,41238D
1890,41253R
1890,41257R
1891,41260R
1892,41310R
1891,41268R
1891,41255R
1891,41275R
1893,41272R
1894,41277R
1891,41271R
1895,41270R
1894,41280R
1894,41283R
1895,41286R
1894,41289R
1806,41622R
1896,41618R
1897,70066R
1897,70069D
1897,70070R
1897,70071R
1897,70072R
1898,42420D
1899,42425D
1900,42435D
1900,42445D
1900,42450D
1900,42460D
1900,42465D
1900,42485D
1901,43400D
1902,43403D
1902,43404D
1901,43407D
1901,43408D
1902,43411D
1902,43412D
1902,43413D
1902,43417D
1902,43418D
1902,43419D
1903,43427D
1903,43428D
1903,43429D
1902,43430R
1901,43433D
1903,43435D
1904,43438D
1905,43447D
1904,43448D
1906,43450D
1904,43446D
1907,43451D
1905,43452D
1907,43453D
1901,43454D
1905,43455D
1907,43456D
1904,43458D
1902,43459D
1902,43460D
1908,43462D
1909,43464D
1909,43465D
1904,43466D
1903,43467D
1901,43473D
1901,43479D
1901,43486D
1901,43492D
1901,43497D
1910,42615D
1911,42620D
1911,42635D
1911,42640D
1911,42645D
1911,42650D
1911,42655D
1911,42660D
1911,42665D
1912,43525D
1913,43550D
1914,43560D
1913,43568D
1913,43571D
1915,43574D
1913,43610D
1913,43615D
1913,43619D
1913,43622D
1913,43625D
1914,43628D
1915,43642D
1916,43648D
1913,43679D
1913,43685D
1913,43688D
1913,43691D
1913,43694D
1913,43697D
1917,42507D
1911,42510D
1917,42525D
1917,42541D
1918,42542D
1911,42543D
1918,42545D
1911,42555D
1911,42560D
1911,42565D
1911,42569D
1911,42573D
1911,42577D
1911,42581D
1919,42703R
1919,42710D
1919,42711D
1919,42716D
1919,42717D
1919,42722D
1919,42723D
1919,42724D
1919,42725D
1919,42726D
1919,42727D
1919,42728D
1919,42729D
1919,42730D
1919,42731D
1919,42732D
1919,42733D
1919,42734D
1919,42735D
1919,42736D
1919,42768D
1920,42769D
1919,42770D
1921,42771D
1919,42772D
1919,42785D
1922,42789D
1922,42790D
1919,42805D
1919,42809D
1919,42810D
1919,42811D
1919,42812D
1919,42813D
1919,42814D
1919,42815D
1919,42816D
1919,42817D
1919,42818D
1919,42819D
1919,42820D
1920,42854D
1921,42856D
1923,42880D
1923,42881D
1924,42910D
1919,42916D
1924,42920D
1925,42940D
1925,42941D
1919,42955D
1925,43015D
1925,43016D
1909,43051D
1925,43055D
1919,43065D
1919,43070D
1919,43079D
1920,43091D
1926,43099D
1925,43109D
1925,43110D
1925,43138D
1722,43142D
1925,43170D
1925,43171D
1925,43175D
1925,43176D
1925,43185D
1925,43190D
1925,43192D
1925,43194D
1925,43196D
1925,43198D
1927,43207D
1911,43215D
1928,43220D
985,43227D
1917,43245D
1928,43255D
1929,43256D
1927,43257D
1911,43260D
1927,43263D
1927,43285D
1911,43295D
1927,43300D
1911,43310D
1911,43320D
1927,43323D
1911,43330D
1911,43335D
1911,43360D
1927,43365D
1912,43700R
1930,43705D
1911,43710R
1911,43715R
1918,43725D
1911,43730R
1911,43735D
1931,43740D
1929,43745D
1912,43755R
1929,43760D
1147,43770D
1147,43771D
1932,43774D
1933,43776D
1934,43800D
1935,43801D
1936,43804D
1937,43812D
1938,43815D
1939,43818D
1939,43821D
1938,43824D
1925,43830D
1933,43832D
1938,43835D
1940,43845D
1941,43855D
1930,43870D
1911,43875R
1911,43880R
1918,43886D
1911,43890R
1911,43896D
1931,43899D
1929,43902D
1929,43908D
1147,43918D
1147,43919D
1932,43922D
1933,43926D
1934,43942D
1935,43943D
1936,43945D
1937,43947D
1938,43950D
1939,43953D
1939,43956D
1938,43959D
1925,43965D
1933,43968D
1938,43970D
1940,43975D
1941,43982D
1932,43988D
1936,43990D
1941,43995D
1942,44000D
1943,44009D
1944,44031D
1945,44058D
1946,44059D
1947,44060D
1943,44106D
1947,44109D
1948,44110D
1944,44115D
1941,44118D
1944,44122D
1944,44125D
1944,44128D
1949,44149D
1944,44180D
1944,44185D
1944,44188D
1944,44191D
1944,44194D
1944,44197D
1950,44205D
1951,44209R
1952,44210R
1953,44213D
1954,44240D
1954,44241D
1955,44244D
1956,44247D
1957,44256D
1951,44260D
1958,44264D
1959,44282D
1951,44289D
1951,44290D
1956,44291D
1957,44292D
1958,44293D
1956,44296D
1960,44297D
1950,44306D
1957,44314D
1956,44317D
1955,44318D
1961,44319D
1903,44320D
1952,44322D
1950,44324D
1950,44327D
1952,44336D
1950,44342D
1957,44346D
1957,44356D
1950,44370D
1951,44374D
1955,44377D
1956,44380D
1950,44386D
1951,44390D
1950,44397D
1962,44425D
1721,44432R
1963,44435D
1937,44437D
1933,44438D
1938,44439D
1964,44441D
1938,44443D
1938,44445D
1938,44447D
1965,44449D
1966,44455D
1965,44458D
1937,44461R
1937,44462R
1963,44475D
1937,44477D
1933,44478D
1938,44479D
1964,44481D
1938,44483D
1938,44485D
1938,44487D
1965,44489D
1963,44495D
1938,44499D
1964,44501D
1938,44503D
1938,44505D
1938,44507D
1965,44509D
1963,44512D
1967,44514D
1937,44516D
1938,44518D
1964,44520D
1938,44522D
1938,44524D
1938,44526D
1965,44528D
1938,44531D
1963,44543D
1967,44546D
1937,44549D
1933,44551D
1938,44552D
1964,44555D
1938,44558D
1938,44561D
1938,44564D
1965,44567D
1968,44575D
1938,44595D
1938,44602D
1962,44604R
1963,44622D
1967,44625D
1937,44628D
1933,44630D
1938,44631D
1964,44634D
1938,44637D
1938,44640D
1938,44643D
1965,44646D
1938,44652D
1963,44662D
1967,44665D
1937,44668D
1938,44671D
1964,44674D
1938,44677D
1938,44680D
1938,44683D
1965,44686D
1967,44691D
1963,44724D
1967,44727D
1937,44730D
1938,44733D
1964,44736D
1938,44739D
1938,44742D
1938,44745D
1965,44751D
1938,44754D
1938,44758D
1963,44760D
1967,44763D
1937,44766D
1938,44769D
1964,44772D
1938,44775D
1938,44778D
1938,44781D
1965,44784D
1938,44797D
1944,44903D
1944,44916D
1944,44920D
1944,44948D
1944,44955D
1944,44958D
1944,44960D
1944,44975D
1944,44976D
1944,44980D
1944,44995D
1933,45000R
1933,45001R
1933,45002R
1933,45003R
1933,45010R
1933,45015R
1933,45020R
1933,45025R
1933,45030R
1933,45035R
1933,45055R
1933,45060R
1933,45065R
1933,45105R
1932,45140R
1932,45145R
1932,45148R
1969,45149D
985,45150D
1970,45165D
985,45180D
1971,45197D
1932,45200D
1933,45205D
1932,45210D
1933,45215D
1933,45218D
985,45220D
1933,45250D
1926,45260D
985,45272D
1932,45290D
1933,45295D
1932,45305D
1933,45310D
1933,45313D
985,45325D
1933,45330D
1932,45333D
1933,45335D
1972,45340D
1932,45345D
1933,45350D
985,45365D
1933,45370D
1932,45380D
1932,45388D
1933,45390D
1973,45403R
1973,45406R
1973,45409R
1973,45412R
1973,45415R
1973,45418R
1973,45421R
1973,45422R
1973,45424R
1973,45425R
1973,45427R
1973,45435R
1973,45441R
1973,45451R
1910,45465D
1936,45470D
1974,45475D
1975,45485D
1973,45490D
1973,45494D
1910,45525D
1936,45530D
1974,45535D
1910,45555D
1973,45560D
1936,45575D
1910,45580D
1910,45583D
1973,45585D
1910,45605D
1936,45610D
1940,45615D
1973,45625D
1973,45635D
1910,45655D
1936,45660D
1976,45680D
1936,45685D
1936,45690D
1910,45696D
1977,45710D
1936,45720D
1910,45725D
1910,45730D
1973,45735D
1976,45742D
1977,45765D
1910,45775D
1936,45780D
1936,45787D
1910,45789D
1977,45792D
1977,45793D
1977,45795D
1977,45797D
1936,45800D
1910,45815D
1977,45820D
1910,45830D
1936,45835D
1936,45860D
1936,45875D
1910,45877D
1978,47300D
1979,47320D
1969,47323R
1980,47324R
1981,47340D
1906,47360D
1937,47370R
1937,47371R
1937,47372R
1937,47373R
1937,47374D
1937,47375R
1937,47376D
1937,47377R
1937,47378D
1982,47386D
1981,47395D
1981,47420D
1981,47425D
1969,47440D
1907,47450D
1937,47465D
1942,47475D
1981,47478D
1981,47490D
1980,47511D
1906,47513D
1907,47525D
1907,47528D
1981,47531D
1981,47540D
1981,47554D
1981,47570D
1981,47595D
985,45900D
1983,45905D
1935,45910D
1935,45915D
1935,45920D
1983,45923R
1983,45924R
985,45925D
1983,45930D
1935,45935D
1935,45940D
1935,45945D
1935,45955D
1983,45960D
1935,45965D
1935,45970D
1935,45975D
1935,45980D
1983,45985D
1935,45990D
1935,45995D
1935,46000D
985,46005D
1983,46010D
1935,46015D
1935,46020D
1935,46025D
985,46060D
1983,46065D
1935,46070D
1935,46075D
1935,46080D
1984,46110D
1985,46114D
1935,46125D
1935,46135D
1983,46140D
1935,46145D
1935,46150D
1935,46155D
1935,46185D
1983,46190D
1935,46195D
1935,46200D
1935,46205D
1935,46208D
1935,46210D
1935,46220D
1983,46225D
1935,46230D
1935,46235D
1935,46240D
1935,46255D
1935,46260D
1986,46320R
1986,46321R
1986,46322R
1986,46323R
1940,46330D
1931,46340D
1940,46360D
985,46365D
1986,46378D
1940,46385D
1986,46388D
1911,46391D
1987,46394D
1940,46400D
1987,46420D
1931,46423D
1988,46426D
985,46429D
1931,46435D
1989,46447D
1911,46460D
1940,46467D
1940,46480D
1940,46486D
1990,46495D
1986,46498D
1911,46501D
1986,46513D
1940,46521D
1940,46531D
1990,46537D
1940,46548D
1940,46570D
1940,46595D
1991,46630D
985,46633D
1992,46636D
1993,46639D
1994,46642D
1995,46645D
1996,46648D
1997,46651D
985,46654D
1998,46657D
1991,46690D
985,46693D
1992,46696D
1993,46699D
1994,46702D
1995,46705D
1996,46708D
1997,46711D
985,46714D
1998,46717D
1991,46720D
1999,46723D
1992,46726D
1993,46729D
1994,46732D
1995,46735D
1996,46738D
1997,46741D
2000,46744D
1998,46747D
1991,46750D
1999,46753D
1992,46756D
1993,46759D
1994,46762D
1995,46765D
1996,46768D
1997,46771D
2000,46774D
1998,46777D
1991,46780D
985,46783D
1992,46786D
1993,46789D
1994,46792D
1995,46795D
1996,46798D
1997,46801D
985,46804D
1998,46807D
1937,46815D
1991,46850D
985,46853D
1992,46856D
1993,46859D
1994,46862D
1995,46865D
1996,46868D
1997,46871D
985,46874D
1998,46877D
1929,46886D
1991,46890D
1999,46893D
1992,46896D
1993,46899D
1994,46902D
1995,46905D
1996,46908D
1997,46911D
2000,46914D
1998,46917D
1995,46924D
1997,46927D
985,46930D
1996,46933D
1991,46936D
1994,46939D
2000,46942D
1998,46945D
1992,46948D
1993,46951D
1991,46984D
1999,46987D
1992,46990D
1993,46993D
1994,46996D
1995,46999D
1996,47002D
1997,47005D
2000,47008D
1998,47011D
1929,47015D
1929,47020D
1991,47030D
1999,47033D
1992,47036D
1993,47039D
1994,47042D
1995,47045D
1996,47048D
1997,47051D
2000,47054D
1998,47057D
1929,47060D
1929,47065D
1946,47203R
1916,47205R
1944,47208R
1987,47213R
2001,47216R
1723,47220R
2002,47223D
1906,47224D
2003,47225D
2003,47226D
2002,47227D
2004,47228D
2001,47229R
2004,47234D
2003,47235R
2004,47236D
1949,47240R
2005,47293R
2005,47245R
2003,47263R
1948,47266R
1921,47276D
1926,47280D
1926,47286D
1926,47294D
1926,47297D
2006,42301D
2007,42303D
2008,42310D
2008,42320D
2008,42323D
2008,42324D
2006,42326D
2009,42332D
2007,42338D
2010,42344D
2011,42347D
2012,42351D
2008,42365D
2010,42373D
2008,42385D
2008,42397D
2013,48019R
2013,48020R
2014,48023R
2014,48024R
2014,48025R
2013,48029R
2013,48036R
2014,48037R
2013,48038R
2014,47906R
2015,47702R
2013,48051R
2016,47700R
2013,47704R
2013,47710R
2017,47908R
2016,47905R
2016,47712R
2013,48052R
2015,47723R
2014,48050R
2018,47918R
1741,54102R
1741,54105R
1741,54110R
1741,54112R
2019,54123D
2019,54124D
1741,54121D
1741,54122D
2020,48508R
2021,48515R
2022,48550R
2023,48555R
2024,48559R
2025,48563R
2023,48572R
2026,48611R
2027,48619R
2027,48622R
2028,48625R
2029,48527R
2029,48528D
2030,48628R
2029,48531D
2031,48633R
2019,48635R
2032,48640R
2032,48642R
2031,48651R
2033,48653R
2034,48655R
2035,48657R
2036,48663R
2037,48671R
2038,48674R
2039,48688R
2029,48733D
2029,48734D
2029,48735D
2029,48743D
2029,48744D
2029,48745D
2029,48754D
2029,48755D
2029,48756D
2029,48793D
2029,48794D
2029,48795D
2029,48763D
2029,48765D
2029,48766D
2029,48721D
2029,48724D
2029,48767D
2029,48769D
2029,48771D
2029,48772D
2029,48713D
2029,48714D
2029,48715D
2029,48773D
2029,48774D
2029,48775D
2029,48783D
2029,48784D
2029,48785D
2029,48797R
2020,48950D
2040,48952D
2041,48968D
1741,49262R
1741,49261R
1741,49253R
1741,49248R
2042,49232R
1741,49235R
1741,49263R
1741,49260R
1741,49264R
1741,49246R
1741,49247R
1741,49227R
1741,49230R
2043,49225D
2043,49266D
1741,49267D
1741,49268D
2044,51715D
2045,41860R
2046,41861R
2047,41862R
2048,41863R
2045,41864R
2045,41865R
2045,41866R
2049,41900R
2050,41907R
2051,41920R
2052,41909R
2053,41912R
2054,51110R
2055,51112R
2056,51101R
2057,51100R
2058,51140D
2059,51105D
2060,51127D
2061,51119R
2062,51129D
2063,51102R
2064,51113R
2065,51115R
2066,51106R
2067,51108R
2068,51118R
2069,51117R
2070,51139R
2071,51116R
2069,51148R
2072,51123R
2073,51131R
2074,51147R
2075,51133R
2076,51120R
2077,51121R
2078,51128R
2079,51132R
2064,51216D
2069,51217D
2080,51201R
2081,51515D
2081,51516D
2082,51206D
2074,51275D
2061,51300D
2083,51301D
2063,51271D
2063,51272D
2084,51200R
2085,51212D
2086,51214D
2075,51284R
2087,51218R
2088,51460D
2088,51461D
2089,51462D
2082,51222R
2090,51237R
2056,51463D
2091,51224R
2092,51226R
2092,51249R
2082,51250R
2093,51466D
2066,51274D
2058,51276D
2093,51467D
2094,51208R
2055,51202D
1737,51221D
2095,51270D
2055,51281D
2058,51268D
2096,51351D
2097,51352D
2096,51356D
1632,51282R
2098,51292D
2099,51262R
2100,51396R
2101,51303R
2102,51244R
2103,51280R
2104,51277R
2056,51468D
2105,51305R
2106,51239R
2107,51266R
2108,51253R
2070,51254R
2065,51297R
2056,51469D
2088,51470D
2090,51256R
2109,51289R
2072,51507R
2110,51285D
2111,51287D
2112,51210D
2087,51288D
2107,51290D
2113,51293D
2114,50909D
2093,51071D
2093,51072D
2074,50902R
2115,51053R
2111,50907R
2112,50915R
2116,50923R
2117,50908R
2113,50920R
2118,50919R
2073,50918R
2070,51540D
2119,51667D
2120,51668R
2121,51682D
2122,51645D
2120,51669R
2123,51646R
2124,51651R
2124,51653R
2125,51644R
2120,51650R
2125,51652R
2126,51662R
2127,51663R
2128,51654R
2104,51656R
2129,51657R
2078,51664R
2078,51671R
2130,51659R
2131,51660R
2132,51665R
2133,51661D
2130,51600D
2134,51602R
2135,51603R
2132,51605D
2136,51606R
2137,51607D
2138,51617D
2139,51610D
2140,51612D
2140,51613D
2133,51614D
2141,51616D
